id,name
a682f725-be3b-4bbf-8abc-700e50949e33,Addison - 6136
077b5bb7-b9e1-48f6-9f71-6eab4c1b55fc,Albuquerque - 6111
a42d267a-dd3f-4a14-9072-580f7b04e310,Aurora - 6108
f2bed45a-e34c-4420-bc0f-f131d6715bb2,Batavia - 6118
ebbbd631-dedb-41da-a2ab-e17b033886cd,Birmingham - 6169
058b8f0d-f930-4ca4-975a-89da09b0f6b7,Brooklyn Park - 6132
f95fe623-27a6-48e4-b8eb-72c4f6357f95,Carlisle - 1017
0a2a5bfd-c29e-450a-9627-c60704bdd934,Casper - 6105
897d1260-4546-4014-a3dd-f653d8f4734b,Dallas Fort Worth
eedad202-4e3d-4009-9015-f706880289f2,Earth City - 6140
0ea05efa-1480-4a03-9da7-c1a275708137,El Paso - 6112
7bace4f8-cac6-43d0-a0b7-c3397223c0b5,Elk Grove - 6113
b5c344a5-67e6-4a38-98a5-2e23a755c4f3,Fargo - 6121
dfe17ffc-76a0-4c6e-aad2-c4051603fe5c,Farmington - 6139
4e11263e-489d-4a39-8a41-38507d9b94e3,Gonzalez - 6145
e56382a4-0272-4eac-a094-3c9c264a8a6f,Grand Rapids - 6137
b708f91f-bfa0-432f-a731-0b47f00d768b,Greensboro - 6117
5bdd983e-9a1a-44ed-afca-3aef5222e765,Haverhill - 6123
4b3d50eb-ac17-45d9-a54c-6cd34ed5aef4,Helena - 6101
7152e039-5cb9-464d-8605-94cb390cf304,Kent - 6103
812e54f9-3855-4af3-ad04-0c286c424a82,Las Vegas - 6168
55320532-7796-4ca7-a317-c58028d196ff,Manassas - 6134
dedd88cb-3921-434f-922b-1d60bb6c2cc7,Memphis - 6120
6eeea209-ceda-4d46-bd62-879b987fd6da,Montgomery - 6115
435b6142-5107-4a60-a127-c81207cc4262,Morris - 6104
6a539b26-86db-4307-bc0d-0cf3787424ac,Nashville - 6170
7c2d7288-a52f-489f-a853-37feb81858c2,Norcross - 6172
40305546-f0ce-40b6-8aa4-05c3aa63b57b,North Smithfield - 6143
6641f841-6a50-41f2-ad13-bef7db6487a8,Omaha - 6122
5d4f9d81-5caa-4552-9360-5f54e0743581,Ontario - 6127
location1,Orlando
4f3fe898-6b80-4df4-8e34-c25692b883b7,Pensacola - New
a445e0e4-6065-4abf-aaaf-8a066f30fea3,Pensacola - Old
55d0b259-6881-4649-a6d5-fc80c00dfbcf,Phoenix - 6109
f97c98b8-cb51-40aa-9915-94677147bb12,Portland - 6138
ff4d006c-f0cb-4c07-a87c-e56c0bf3e821,Portland RDC - 6162
dd6fe34b-7552-4d8f-9312-1573d0d97cdf,Salt Lake City - 6102
6881ec2c-0d96-4c6a-81e0-661fdc955f40,San Antonio - 6125
364e9568-ebf9-4848-9133-7193e754467d,Spokane - 6167
b47f929c-5940-49a9-a2b0-cfe9f1b99524,Streetsboro - 6119
3f710ef8-950a-48c3-bfc4-08d0503d4c7a,Tatamy - 6124
559dc75f-fcc1-4c6e-8659-834fe40831cb,Tulsa - 6142
7be33aea-0c24-4c4d-8aa2-c982b06bf2f7,West Chester - 6116
73ca9c99-a8af-42d1-bd0e-2927925bff62,West Columbia - 6131
c8b5b298-f942-40a5-b6b7-7543d354a32d,Weston - 6100